Date,Open,High,Low,Close,Volume,Dividends,Stock Splits,Capital Gains
2023-12-04 00:00:00+09:00,71408.18414256198,71506.27230759298,71015.83148243802,71212.0078125,10229267,0.0,0.0,0.0
2023-12-05 00:00:00+09:00,70917.73531864467,71015.82347261236,69838.765625,69838.765625,12129682,0.0,0.0,0.0
2023-12-06 00:00:00+09:00,70427.29909780335,70721.5635787134,70231.12277719665,70329.2109375,8123087,0.0,0.0,0.0
2023-12-07 00:00:00+09:00,70427.29571678322,70525.38387237761,69740.67862762237,70133.03125,8862017,0.0,0.0,0.0
2023-12-08 00:00:00+09:00,70721.56698734504,71408.18414256198,70525.39065728306,71212.0078125,10859463,0.0,0.0,0.0
2023-12-11 00:00:00+09:00,71408.1830479452,71604.359375,70819.65406678083,71604.359375,9861960,0.0,0.0,0.0
2023-12-12 00:00:00+09:00,71898.62834821429,72094.8046875,71702.45200892858,72094.8046875,13758646,0.0,0.0,0.0
2023-12-13 00:00:00+09:00,71898.62048205701,72094.79679987981,71408.1796875,71408.1796875,13116766,0.0,0.0,0.0
2023-12-14 00:00:00+09:00,72683.32691732216,72879.50323828659,71113.9163496067,71702.4453125,27567593,0.0,0.0,0.0
2023-12-15 00:00:00+09:00,72389.05795958391,72585.23426841747,71800.52903308322,71898.6171875,15419815,0.0,0.0,0.0
2023-12-18 00:00:00+09:00,71898.62610382373,71996.71427040467,71408.18527091907,71506.2734375,9690551,0.0,0.0,0.0
2023-12-19 00:00:00+09:00,71604.35051941418,71996.703125,71408.17421662125,71996.703125,8907632,0.0,0.0,0.0
2023-12-20 00:00:00+09:00,72781.42408923796,73468.041297627,72389.07139872994,73369.953125,16870156,0.0,0.0,0.0
2023-12-21 00:00:00+09:00,73173.7645625,73566.1171875,72879.50009375,73566.1171875,13478766,0.0,0.0,0.0
2023-12-22 00:00:00+09:00,74350.82590167984,74841.26670578062,73958.4732583992,74448.9140625,14515608,0.0,0.0,0.0
2023-12-26 00:00:00+09:00,74645.09044549608,75233.61941090079,74252.73780189296,75135.53125,13164909,0.0,0.0,0.0
2023-12-27 00:00:00+09:00,75589.86276041667,76871.046875,75392.75751201923,76871.046875,20651042,361.0,0.0,0.0
2023-12-28 00:00:00+09:00,76575.39148089172,77363.8125,76378.28622611465,77363.8125,17797536,0.0,0.0,0.0
2024-01-02 00:00:00+09:00,77068.14618011935,78644.98804569723,77068.14618011935,78447.8828125,17142847,0.0,0.0,0.0
2024-01-03 00:00:00+09:00,77363.80489042208,77659.4627435065,75885.515625,75885.515625,21753644,0.0,0.0,0.0
2024-01-04 00:00:00+09:00,74998.54936357703,76181.18089099217,74998.54936357703,75491.3125,15324439,0.0,0.0,0.0
2024-01-05 00:00:00+09:00,75589.86512728459,75984.07563642297,75294.2072454308,75491.3125,11304316,0.0,0.0,0.0
2024-01-08 00:00:00+09:00,75885.52093545752,76378.28405841504,75294.20518790849,75392.7578125,11088724,0.0,0.0,0.0
2024-01-09 00:00:00+09:00,76279.72533885542,76575.38318900602,73224.59422063253,73618.8046875,26019249,0.0,0.0,0.0
2024-01-10 00:00:00+09:00,73914.46320906929,74111.56844429347,72140.51609205162,72534.7265625,20259529,0.0,0.0,0.0
2024-01-11 00:00:00+09:00,71844.86555455942,72534.73394808744,71647.76029926572,72140.5234375,57691266,0.0,0.0,0.0
2024-01-12 00:00:00+09:00,71943.416125171,73027.49499829001,71746.310875513,72041.96875,13038939,0.0,0.0,0.0
2024-01-15 00:00:00+09:00,72140.52224289581,72928.94325101489,72140.52224289581,72830.390625,2957915,0.0,0.0,0.0
2024-01-16 00:00:00+09:00,72436.18462680785,72633.2898910985,71450.6583053547,71549.2109375,14760415,0.0,0.0,0.0
2024-01-17 00:00:00+09:00,72041.9643705986,72239.06960827464,69972.359375,69972.359375,22683660,0.0,0.0,0.0
2024-01-18 00:00:00+09:00,70563.68174686193,70957.89225941422,69676.70809361925,70662.234375,17853397,0.0,0.0,0.0
2024-01-19 00:00:00+09:00,72436.1732868976,73618.8046875,71943.41020331325,73618.8046875,23363427,0.0,0.0,0.0
2024-01-22 00:00:00+09:00,74801.4444594707,74899.99708721704,73914.47080975366,74013.0234375,19673375,0.0,0.0,0.0
2024-01-23 00:00:00+09:00,74604.33341298204,74702.88603307845,73224.59673163231,74111.5703125,14786224,0.0,0.0,0.0
2024-01-24 00:00:00+09:00,74111.5768581081,74111.5768581081,72436.18216849663,72928.9453125,12860661,0.0,0.0,0.0
2024-01-25 00:00:00+09:00,73126.04480853576,73717.36053475033,72633.28170335694,73027.4921875,11737747,0.0,0.0,0.0
2024-01-26 00:00:00+09:00,72633.28286784742,73421.70384877385,72239.0723773842,72337.625,11160062,0.0,0.0,0.0
2024-01-29 00:00:00+09:00,72731.83272429435,74111.56938844085,72436.17486769153,73323.1484375,13976521,0.0,0.0,0.0
2024-01-30 00:00:00+09:00,73914.46206258412,74210.11991083446,72633.27805349932,73224.59375,12244418,0.0,0.0,0.0
2024-01-31 00:00:00+09:00,72337.62618208391,72928.94192744154,71450.65256404746,71647.7578125,15703560,0.0,0.0,0.0
2024-02-01 00:00:00+09:00,71943.41085682744,73126.04226817255,71844.85823921535,72534.7265625,19881033,0.0,0.0,0.0
2024-02-02 00:00:00+09:00,72928.93887134308,74111.5703125,72633.28101105386,74111.5703125,14955881,0.0,0.0,0.0
2024-02-05 00:00:00+09:00,73126.04113391656,73717.35683041722,72436.17282133244,73224.59375,19026021,0.0,0.0,0.0
2024-02-06 00:00:00+09:00,73224.59581863238,73618.80629410282,72239.06962995631,73323.1484375,14559254,0.0,0.0,0.0
2024-02-07 00:00:00+09:00,73520.25047916666,74407.22401041667,73224.59263541666,73914.4609375,16566445,0.0,0.0,0.0
2024-02-08 00:00:00+09:00,73914.46577682186,74111.57101889339,72534.72908232118,73027.4921875,20810708,0.0,0.0,0.0
2024-02-13 00:00:00+09:00,73717.35983211437,74111.5703125,73323.14935172872,74111.5703125,21966745,0.0,0.0,0.0
2024-02-14 00:00:00+09:00,72633.28742609797,73224.60319890203,72633.28742609797,72928.9453125,12434945,0.0,0.0,0.0
2024-02-15 00:00:00+09:00,73126.04971396858,73323.1549692623,71943.41818220628,72140.5234375,14120600,0.0,0.0,0.0
2024-02-16 00:00:00+09:00,72239.06776914491,72337.6203854739,71450.64683851304,71746.3046875,13444781,0.0,0.0,0.0
2024-02-19 00:00:00+09:00,71746.30970528456,72830.38856072153,71746.30970528456,72731.8359375,12726404,0.0,0.0,0.0
2024-02-20 00:00:00+09:00,72633.28079169508,72633.28079169508,71746.30721350614,72239.0703125,14681477,0.0,0.0,0.0
2024-02-21 00:00:00+09:00,72337.6245505137,72633.28241652397,71844.86144049658,71943.4140625,11503495,0.0,0.0,0.0
2024-02-22 00:00:00+09:00,72731.83712380301,72830.389748632,71647.758250684,72041.96875,15208934,0.0,0.0,0.0
2024-02-23 00:00:00+09:00,72534.72770919067,73126.04342421125,71844.859375,71844.859375,16225166,0.0,0.0,0.0
2024-02-26 00:00:00+09:00,71253.54160585508,72140.51515281593,71154.9889895261,71746.3046875,14669352,0.0,0.0,0.0
2024-02-27 00:00:00+09:00,72041.9646133402,72337.62247085047,71647.7541366598,71844.859375,13201981,0.0,0.0,0.0
2024-02-28 00:00:00+09:00,71844.86555455942,72830.39183102801,71746.31292691256,72140.5234375,11795859,0.0,0.0,0.0
2024-02-29 00:00:00+09:00,71549.20401907357,72337.625,70957.88828337875,72337.625,21176403,0.0,0.0,0.0
2024-03-04 00:00:00+09:00,73224.59832902203,73914.46668474632,72928.94046228305,73815.9140625,23210474,0.0,0.0,0.0
2024-03-05 00:00:00+09:00,73520.25483378561,73717.36007462686,72633.28125,72633.28125,19505125,0.0,0.0,0.0
2024-03-06 00:00:00+09:00,72140.51723251029,72436.17509002058,71647.7541366598,71844.859375,21547905,0.0,0.0,0.0
2024-03-07 00:00:00+09:00,72041.9657743248,72239.07101584141,71154.9921875,71154.9921875,14516963,0.0,0.0,0.0
2024-03-08 00:00:00+09:00,71746.30721350614,72337.62293229876,71549.2019739086,72239.0703125,19271349,0.0,0.0,0.0
2024-03-11 00:00:00+09:00,71844.85682838398,72041.96205973758,71253.54113432321,71352.09375,9740504,0.0,0.0,0.0
2024-03-12 00:00:00+09:00,71549.2019739086,72436.17555209754,71056.43887491473,72239.0703125,13011654,0.0,0.0,0.0
2024-03-13 00:00:00+09:00,72633.28170335694,73027.4921875,72436.17646128542,73027.4921875,15243134,0.0,0.0,0.0
2024-03-14 00:00:00+09:00,73323.14636608344,73421.69898216688,72534.72543741588,73224.59375,22545539,0.0,0.0,0.0
2024-03-15 00:00:00+09:00,72337.62573478562,72633.28360563624,71253.546875,71253.546875,22580555,0.0,0.0,0.0
2024-03-18 00:00:00+09:00,71549.19945484203,71943.40992015797,71450.64683851304,71746.3046875,11520348,0.0,0.0,0.0
2024-03-19 00:00:00+09:00,71253.54160585508,71943.40992015797,70662.22590788118,71746.3046875,15376066,0.0,0.0,0.0
2024-03-20 00:00:00+09:00,72633.28474479844,76082.62662548765,72337.6268693108,75786.96875,50106297,0.0,0.0,0.0
2024-03-21 00:00:00+09:00,78053.66614123581,78152.21875,76575.37700977302,78152.21875,44569799,0.0,0.0,0.0
2024-03-22 00:00:00+09:00,78447.89183301647,78743.54971680926,76673.94453025982,77758.0234375,26724761,0.0,0.0,0.0
2024-03-25 00:00:00+09:00,78447.88511029411,78644.9903492647,76673.93795955883,77068.1484375,18703996,0.0,0.0,0.0
2024-03-26 00:00:00+09:00,78546.43383330725,78940.64429169273,78053.6707603254,78743.5390625,30551494,0.0,0.0,0.0
2024-03-27 00:00:00+09:00,78053.67645676692,78842.0974310777,78053.67645676692,78644.9921875,17424595,0.0,0.0,0.0
2024-03-28 00:00:00+09:00,78606.38385674506,80190.39159189357,78408.38288985149,79992.390625,25084812,361.0,0.0,0.0
2024-03-29 00:00:00+09:00,80388.39263501213,81675.39892104066,80091.39118439017,81576.3984375,27126366,0.0,0.0,0.0
2024-04-01 00:00:00+09:00,82368.40426829268,82467.40475419207,81180.3984375,81180.3984375,20116513,0.0,0.0,0.0
2024-04-02 00:00:00+09:00,82071.40383272059,84150.4140625,82071.40383272059,84150.4140625,37077944,0.0,0.0,0.0
2024-04-03 00:00:00+09:00,83457.40721611177,84150.41059750297,82665.40335166469,83259.40625,30493347,0.0,0.0,0.0
2024-04-04 00:00:00+09:00,84348.40577373974,84645.40720252051,83457.40148739742,84447.40625,25248934,0.0,0.0,0.0
2024-04-05 00:00:00+09:00,83655.40625,84150.40865384616,82962.40288461538,83655.40625,18883752,0.0,0.0,0.0
2024-04-08 00:00:00+09:00,84348.40961538462,85140.41346153847,83655.40625,83655.40625,18953232,0.0,0.0,0.0
2024-04-09 00:00:00+09:00,83655.4106235048,84051.41256728469,82269.40382027513,82764.40625,23725956,0.0,0.0,0.0
2024-04-11 00:00:00+09:00,82368.40190249702,83853.40914833531,81675.39852110582,83259.40625,25538009,0.0,0.0,0.0
2024-04-12 00:00:00+09:00,83853.41110364396,84051.41207437275,82368.40382317801,82863.40625,17061770,0.0,0.0,0.0
2024-04-15 00:00:00+09:00,82071.39395149027,82368.39537712895,80388.38587287105,81378.390625,26663772,0.0,0.0,0.0
2024-04-16 00:00:00+09:00,80388.396484375,80487.39697265625,78606.3876953125,79200.390625,31949845,0.0,0.0,0.0
2024-04-17 00:00:00+09:00,79893.39154586502,79992.39203105196,78111.3828125,78111.3828125,22611631,0.0,0.0,0.0
2024-04-18 00:00:00+09:00,78012.3789651382,79299.38521710112,77517.37656053706,78804.3828125,21370190,0.0,0.0,0.0
2024-04-19 00:00:00+09:00,77517.37838273196,77913.38031572165,75537.36871778351,76824.375,31317563,0.0,0.0,0.0
2024-04-22 00:00:00+09:00,76626.37346008541,76725.37394259198,74349.36236243429,75339.3671875,30469477,0.0,0.0,0.0
2024-04-23 00:00:00+09:00,75636.36365894039,76032.36556291391,74745.359375,74745.359375,18717699,0.0,0.0,0.0
2024-04-24 00:00:00+09:00,76725.3697519084,78012.37595419848,76428.36832061068,77814.375,22166150,0.0,0.0,0.0
2024-04-25 00:00:00+09:00,76527.37199991809,76725.3729624017,75537.3671875,75537.3671875,15549134,0.0,0.0,0.0
2024-04-26 00:00:00+09:00,77022.3724535528,77121.37293228488,75735.36623003586,75933.3671875,12755629,0.0,0.0,0.0
2024-04-29 00:00:00+09:00,76626.37053862451,76824.37149608866,75438.36479383963,75933.3671875,14664474,0.0,0.0,0.0
2024-04-30 00:00:00+09:00,76230.37258064515,77715.37983870968,75834.37064516128,76725.375,19007007,0.0,0.0,0.0
2024-05-02 00:00:00+09:00,76824.37307692308,77814.37788461539,76527.37163461538,77220.375,18900640,0.0,0.0,0.0
2024-05-03 00:00:00+09:00,78210.38176546391,78210.38176546391,76725.37451675258,76824.375,13151889,0.0,0.0,0.0
2024-05-07 00:00:00+09:00,78804.38245694956,80487.390625,78606.38149600246,80487.390625,26238868,0.0,0.0,0.0
2024-05-08 00:00:00+09:00,79992.38822263222,80586.39110547355,79695.38678121156,80487.390625,13089576,0.0,0.0,0.0
2024-05-09 00:00:00+09:00,80289.38953693538,80685.39145820263,78903.3828125,78903.3828125,18759935,0.0,0.0,0.0
2024-05-10 00:00:00+09:00,79596.38861268939,80289.39199613321,78111.38136245265,78408.3828125,16976124,0.0,0.0,0.0
2024-05-13 00:00:00+09:00,78606.37978316327,79101.3821747449,76824.3711734694,77616.375,18652344,0.0,0.0,0.0
2024-05-14 00:00:00+09:00,77814.3764367816,78012.37739463602,77121.37308429119,77517.375,11763992,0.0,0.0,0.0
2024-05-16 00:00:00+09:00,79398.39260310102,79497.39309263107,77319.38232296995,77418.3828125,20989778,0.0,0.0,0.0
2024-05-17 00:00:00+09:00,77814.37288032947,78012.37382913438,76428.36623869509,76626.3671875,15918201,0.0,0.0,0.0
2024-05-20 00:00:00+09:00,77319.37893100444,78309.38378287389,77121.37796063055,78111.3828125,19456783,0.0,0.0,0.0
2024-05-21 00:00:00+09:00,77715.37547831633,78210.37786989796,77418.37404336735,77616.375,13690583,0.0,0.0,0.0
2024-05-22 00:00:00+09:00,77319.37693050192,77913.37982625482,76527.37306949806,76923.375,19521506,0.0,0.0,0.0
2024-05-23 00:00:00+09:00,76923.37212643678,78309.37883141762,76329.36925287356,77517.375,18728087,0.0,0.0,0.0
2024-05-24 00:00:00+09:00,76032.37154150197,76230.37250905797,74943.366219944,75141.3671875,27891278,0.0,0.0,0.0
2024-05-27 00:00:00+09:00,74547.36577072539,77418.37985751296,73260.35945595855,76428.375,43825202,0.0,0.0,0.0
2024-05-28 00:00:00+09:00,75735.36968427835,77220.37693298969,75438.36823453609,76824.375,18539072,0.0,0.0,0.0
2024-05-29 00:00:00+09:00,76923.37939453125,77418.3818359375,74448.3671875,74448.3671875,30244875,0.0,0.0,0.0
2024-05-30 00:00:00+09:00,74052.35778061225,74448.35969387756,72765.3515625,72765.3515625,28551273,0.0,0.0,0.0
2024-05-31 00:00:00+09:00,73755.35634566327,73953.35730229592,72765.3515625,72765.3515625,26198776,0.0,0.0,0.0
2024-06-03 00:00:00+09:00,73656.36088177015,75636.370582893,73458.35991165787,74943.3671875,15706268,0.0,0.0,0.0
2024-06-04 00:00:00+09:00,74151.35746596946,75339.36319306109,74151.35746596946,74547.359375,14098053,0.0,0.0,0.0
2024-06-05 00:00:00+09:00,77220.37003391473,77220.37003391473,76032.36434108528,76626.3671875,23177968,0.0,0.0,0.0
2024-06-07 00:00:00+09:00,77616.37241267788,77814.37336271022,76329.36623746766,76527.3671875,21189349,0.0,0.0,0.0
2024-06-10 00:00:00+09:00,75339.36912772457,75834.37155300529,74844.36670244386,74943.3671875,14598755,0.0,0.0,0.0
2024-06-11 00:00:00+09:00,75141.37060546875,75240.37109375,74349.36669921875,74448.3671875,16971175,0.0,0.0,0.0
2024-06-12 00:00:00+09:00,74547.36142769607,76329.37006740196,74448.36094771241,75735.3671875,19246725,0.0,0.0,0.0
2024-06-13 00:00:00+09:00,77616.37404580152,78210.37690839694,77022.37118320611,77814.375,33763804,0.0,0.0,0.0
2024-06-14 00:00:00+09:00,78903.38329342022,79695.38714078204,78210.37992697864,78804.3828125,22926612,0.0,0.0,0.0
2024-06-17 00:00:00+09:00,78408.38820422535,78705.3896746959,77220.38232234315,77319.3828125,16123051,0.0,0.0,0.0
2024-06-18 00:00:00+09:00,77913.37753563597,79398.38473135965,77814.37705592105,79002.3828125,18207598,0.0,0.0,0.0
2024-06-19 00:00:00+09:00,80289.39014393474,81675.39687884852,79695.3872575431,80388.390625,24168863,0.0,0.0,0.0
2024-06-20 00:00:00+09:00,80685.39014629289,81378.39349724265,80388.38871017157,80784.390625,20288913,0.0,0.0,0.0
2024-06-21 00:00:00+09:00,79893.39404296875,79992.39453125,79200.390625,79200.390625,17907523,0.0,0.0,0.0
2024-06-24 00:00:00+09:00,78903.38626318239,80091.39207893921,78705.38529388959,79794.390625,15454227,0.0,0.0,0.0
2024-06-25 00:00:00+09:00,79794.38965810645,80982.39545946782,79299.38724087253,79992.390625,19088458,0.0,0.0,0.0
2024-06-26 00:00:00+09:00,79299.38485931735,80586.39110547355,79101.38389837023,80487.390625,17783242,0.0,0.0,0.0
2024-06-27 00:00:00+09:00,80846.37701056985,81144.703125,80050.84070542279,81144.703125,11739720,361.0,0.0,0.0
2024-06-28 00:00:00+09:00,81443.03379984663,81443.03379984663,80349.17131901841,81045.265625,9455929,0.0,0.0,0.0
2024-07-01 00:00:00+09:00,81045.25982770477,81641.91204729523,80846.37575450794,81343.5859375,11317202,0.0,0.0,0.0
2024-07-02 00:00:00+09:00,82039.68019368887,82139.12223028728,81045.25982770477,81343.5859375,14471904,0.0,0.0,0.0
2024-07-03 00:00:00+09:00,81840.79612049206,81840.79612049206,80548.04964471271,81343.5859375,11440328,0.0,0.0,0.0
2024-07-04 00:00:00+09:00,82437.45401152482,84227.41079343972,81940.24379432623,84127.96875,43857229,0.0,0.0,0.0
2024-07-05 00:00:00+09:00,85122.38504592422,86614.015625,84724.61689150402,86614.015625,45791193,0.0,0.0,0.0
2024-07-08 00:00:00+09:00,87409.55395451945,88105.64824084668,86415.13354548055,86912.34375,24035809,0.0,0.0,0.0
2024-07-09 00:00:00+09:00,87310.109375,87707.87752705012,86415.13103288725,87310.109375,21336201,0.0,0.0,0.0
2024-07-10 00:00:00+09:00,87111.22529897494,87508.99345102506,86614.01510891231,87310.109375,17813847,0.0,0.0,0.0
2024-07-11 00:00:00+09:00,88006.20491759418,88304.5310359589,86216.24820740582,87111.2265625,24677608,0.0,0.0,0.0
2024-07-12 00:00:00+09:00,85420.71661174466,85619.60070164395,83630.75980265107,83929.0859375,26344386,0.0,0.0,0.0
2024-07-15 00:00:00+09:00,84227.40916955017,86812.90224913495,83630.75692041522,86216.25,25193080,0.0,0.0,0.0
2024-07-16 00:00:00+09:00,86415.13552950398,87508.998004561,86216.25144313,87210.671875,16166688,0.0,0.0,0.0
2024-07-17 00:00:00+09:00,86614.01816608997,87508.9965397924,85917.92387543253,86216.25,18186490,0.0,0.0,0.0
2024-07-18 00:00:00+09:00,83332.42957062717,86415.1328125,83332.42957062717,86415.1328125,24721790,0.0,0.0,0.0
2024-07-19 00:00:00+09:00,85122.39047689573,85619.60070164395,83630.75980265107,83929.0859375,18569122,0.0,0.0,0.0
2024-07-22 00:00:00+09:00,83929.07914156627,84426.28932605422,82139.12247740963,82536.890625,18987560,0.0,0.0,0.0
2024-07-23 00:00:00+09:00,83730.20113230035,84227.41135280095,82934.6647794994,83431.875,15766389,0.0,0.0,0.0
2024-07-24 00:00:00+09:00,82437.45496379574,82835.22314214939,81443.03451791158,81542.4765625,16939083,0.0,0.0,0.0
2024-07-25 00:00:00+09:00,79951.3984375,80548.05066464552,79653.07232392723,79951.3984375,20323811,0.0,0.0,0.0
2024-07-26 00:00:00+09:00,80249.7252974351,80846.37753012979,79951.39918108776,80448.609375,14508334,0.0,0.0,0.0
2024-07-29 00:00:00+09:00,81144.70566502462,81542.47383004926,80647.49545874384,80746.9375,12797136,0.0,0.0,0.0
2024-07-30 00:00:00+09:00,79951.40243055555,80548.0546875,79553.63425925926,80548.0546875,13169636,0.0,0.0,0.0
2024-07-31 00:00:00+09:00,80746.93980929677,83431.875,80448.61367699642,83431.875,20744323,0.0,0.0,0.0
2024-08-01 00:00:00+09:00,85520.15512184115,85619.5971626805,82636.3359375,82636.3359375,20900338,0.0,0.0,0.0
2024-08-02 00:00:00+09:00,80548.05580637563,80945.82398319725,79056.4251432946,79155.8671875,25800275,0.0,0.0,0.0
2024-08-05 00:00:00+09:00,76272.04535407913,76470.92943583684,69808.31269695378,71001.6171875,54608790,0.0,0.0,0.0
2024-08-06 00:00:00+09:00,74482.08544181034,74879.85358836206,71896.59248922413,72095.4765625,47295226,0.0,0.0,0.0
2024-08-07 00:00:00+09:00,72592.68846218206,75575.94963186077,72393.80438420348,74283.203125,32710428,0.0,0.0,0.0
2024-08-08 00:00:00+09:00,72791.57684775205,73487.67116186989,72095.48253363419,72990.4609375,28414729,0.0,0.0,0.0
2024-08-09 00:00:00+09:00,75277.6235148929,75377.06555388219,73785.99293005354,74283.203125,16388222,0.0,0.0,0.0
2024-08-12 00:00:00+09:00,74780.41605960265,75476.5103580298,74382.64788907285,75078.7421875,9839259,0.0,0.0,0.0
2024-08-13 00:00:00+09:00,76073.15877545993,76172.60081307491,75078.73839931012,75675.390625,10716261,0.0,0.0,0.0
2024-08-14 00:00:00+09:00,76968.14190009715,77365.91007529145,76570.37372490285,76769.2578125,13246168,0.0,0.0,0.0
2024-08-16 00:00:00+09:00,78956.97930953866,79752.515625,78260.88503350997,79752.515625,22061478,0.0,0.0,0.0
2024-08-19 00:00:00+09:00,79653.07390445402,79653.07390445402,77564.79106800766,77863.1171875,14146565,0.0,0.0,0.0
2024-08-20 00:00:00+09:00,79056.42570698669,79354.75184173003,78260.88934767111,78459.7734375,10683836,0.0,0.0,0.0
2024-08-21 00:00:00+09:00,77465.34902817688,78161.44330699234,77365.9069883461,77863.1171875,7805598,0.0,0.0,0.0
2024-08-22 00:00:00+09:00,78260.88534682311,78459.76942648467,77365.9069883461,77863.1171875,8149101,0.0,0.0,0.0
2024-08-23 00:00:00+09:00,77266.46875,77962.56306306306,77067.5846605534,77266.46875,9420306,0.0,0.0,0.0
2024-08-26 00:00:00+09:00,77664.23137729961,77763.67341491459,75575.94858738502,75675.390625,15655938,0.0,0.0,0.0
2024-08-27 00:00:00+09:00,75277.62826723285,76073.16462937005,75178.18622196569,75377.0703125,11130145,0.0,0.0,0.0
2024-08-28 00:00:00+09:00,75377.06650850785,75973.71875,74979.29834751309,75973.71875,9794514,0.0,0.0,0.0
2024-08-29 00:00:00+09:00,73189.34121621621,74283.20365287163,73089.89917652027,73587.109375,16884479,0.0,0.0,0.0
2024-08-30 00:00:00+09:00,73984.87954239569,74581.53179676985,73686.5534152086,73885.4375,16358520,0.0,0.0,0.0
2024-09-02 00:00:00+09:00,74084.31703629032,74283.20110887097,73089.89667338709,73984.875,12641376,0.0,0.0,0.0
2024-09-03 00:00:00+09:00,73686.5491487069,73885.43322198276,72095.4765625,72095.4765625,16314599,0.0,0.0,0.0
2024-09-04 00:00:00+09:00,69410.54560267857,70703.29215401785,69410.54560267857,69609.4296875,27366563,0.0,0.0,0.0
2024-09-05 00:00:00+09:00,69708.87025588768,70802.73269927537,68615.0078125,68615.0078125,25686769,0.0,0.0,0.0
2024-09-06 00:00:00+09:00,68714.44657111756,69311.09878447025,67620.58417997097,68515.5625,19022299,0.0,0.0,0.0
2024-09-09 00:00:00+09:00,66526.72277777777,67819.46925925926,66228.39666666667,67123.375,23263298,0.0,0.0,0.0
2024-09-10 00:00:00+09:00,66626.1691606873,66924.49529125755,65631.74872545317,65830.6328125,30651376,0.0,0.0,0.0
2024-09-11 00:00:00+09:00,64736.76688896379,65134.53504189137,63841.788544876734,64537.8828125,35809707,0.0,0.0,0.0
2024-09-12 00:00:00+09:00,65631.74420248868,66228.39642251132,64836.20790912519,65930.0703125,35884106,0.0,0.0,0.0
2024-09-13 00:00:00+09:00,64637.32804008152,65134.53825577445,63941.23373811141,64040.67578125,25045135,0.0,0.0,0.0
2024-09-19 00:00:00+09:00,63642.908082408874,64040.67625792393,61852.951292591126,62747.9296875,49402713,0.0,0.0,0.0
2024-09-20 00:00:00+09:00,63444.020684523806,64338.999032738095,62648.484375,62648.484375,32746056,0.0,0.0,0.0
2024-09-23 00:00:00+09:00,61952.392621805106,63145.69713458466,61852.95057907348,62250.71875,28542376,0.0,0.0,0.0
2024-09-24 00:00:00+09:00,62449.60292227057,63046.255179489715,62051.83475079114,62847.37109375,26957500,0.0,0.0,0.0
2024-09-25 00:00:00+09:00,63444.02186746383,63841.79002964229,61852.94921875,61852.94921875,28652438,0.0,0.0,0.0
2024-09-26 00:00:00+09:00,63543.46367851623,64537.88408037094,63344.57959814528,64339.0,37566015,0.0,0.0,0.0
2024-09-27 00:00:00+09:00,64700.0,65400.0,64200.0,64200.0,28433030,361.0,0.0,0.0
2024-09-30 00:00:00+09:00,64200.0,64300.0,61500.0,61500.0,32694163,0.0,0.0,0.0
2024-10-02 00:00:00+09:00,60500.0,61900.0,59900.0,61300.0,28473536,0.0,0.0,0.0
2024-10-04 00:00:00+09:00,61000.0,61700.0,60500.0,60600.0,24247578,0.0,0.0,0.0
2024-10-07 00:00:00+09:00,60200.0,61900.0,59500.0,61000.0,35066533,0.0,0.0,0.0
2024-10-08 00:00:00+09:00,60000.0,61000.0,59900.0,60300.0,27411786,0.0,0.0,0.0
2024-10-10 00:00:00+09:00,60100.0,60200.0,58900.0,58900.0,45262214,0.0,0.0,0.0
2024-10-11 00:00:00+09:00,59100.0,60100.0,59000.0,59300.0,29623969,0.0,0.0,0.0
2024-10-14 00:00:00+09:00,59500.0,61200.0,59400.0,59300.0,20886249,0.0,0.0,0.0
2024-10-15 00:00:00+09:00,61100.0,61400.0,60100.0,61000.0,22715239,0.0,0.0,0.0
2024-10-16 00:00:00+09:00,59400.0,60000.0,59200.0,59500.0,23303268,0.0,0.0,0.0
2024-10-17 00:00:00+09:00,59400.0,60100.0,59100.0,59700.0,23372873,0.0,0.0,0.0
2024-10-18 00:00:00+09:00,59900.0,60100.0,59100.0,59200.0,14420260,0.0,0.0,0.0
2024-10-21 00:00:00+09:00,59000.0,59600.0,58500.0,59000.0,18514905,0.0,0.0,0.0
2024-10-22 00:00:00+09:00,58800.0,58900.0,57700.0,57700.0,27582527,0.0,0.0,0.0
2024-10-23 00:00:00+09:00,57500.0,60000.0,57100.0,59100.0,27300780,0.0,0.0,0.0
2024-10-24 00:00:00+09:00,58200.0,58500.0,56600.0,56600.0,31499922,0.0,0.0,0.0
2024-10-25 00:00:00+09:00,56000.0,56900.0,55800.0,55900.0,25829315,0.0,0.0,0.0
2024-10-28 00:00:00+09:00,55700.0,58500.0,55700.0,58100.0,27775009,0.0,0.0,0.0
2024-10-29 00:00:00+09:00,58000.0,59600.0,57300.0,59600.0,28369314,0.0,0.0,0.0
2024-10-30 00:00:00+09:00,59100.0,59800.0,58600.0,59100.0,19838511,0.0,0.0,0.0
2024-10-31 00:00:00+09:00,58500.0,61200.0,58300.0,59200.0,35809196,0.0,0.0,0.0
2024-11-01 00:00:00+09:00,59000.0,59600.0,58100.0,58300.0,19083180,0.0,0.0,0.0
2024-11-04 00:00:00+09:00,58600.0,59400.0,58400.0,58700.0,15586947,0.0,0.0,0.0
2024-11-05 00:00:00+09:00,57800.0,58100.0,57200.0,57600.0,17484474,0.0,0.0,0.0
2024-11-06 00:00:00+09:00,57600.0,58000.0,56300.0,57300.0,22092218,0.0,0.0,0.0
2024-11-07 00:00:00+09:00,56900.0,58100.0,56800.0,57300.0,17043102,0.0,0.0,0.0
2024-11-08 00:00:00+09:00,58000.0,58300.0,57000.0,57000.0,13877396,0.0,0.0,0.0
2024-11-11 00:00:00+09:00,56700.0,56800.0,55000.0,55000.0,29811326,0.0,0.0,0.0
2024-11-12 00:00:00+09:00,54600.0,54600.0,53000.0,53000.0,37962881,0.0,0.0,0.0
2024-11-13 00:00:00+09:00,52000.0,53000.0,50500.0,50600.0,52527995,0.0,0.0,0.0
2024-11-14 00:00:00+09:00,50200.0,51800.0,49900.0,49900.0,48510715,0.0,0.0,0.0
2024-11-15 00:00:00+09:00,50300.0,54200.0,50300.0,53500.0,46774485,0.0,0.0,0.0
2024-11-18 00:00:00+09:00,57000.0,57500.0,55900.0,56700.0,48095234,0.0,0.0,0.0
2024-11-19 00:00:00+09:00,56500.0,57500.0,55900.0,56300.0,31539632,0.0,0.0,0.0
2024-11-20 00:00:00+09:00,56100.0,56500.0,54800.0,55300.0,20864667,0.0,0.0,0.0
2024-11-21 00:00:00+09:00,54900.0,56900.0,54700.0,56400.0,19096850,0.0,0.0,0.0
2024-11-22 00:00:00+09:00,56000.0,56700.0,55900.0,56000.0,15281543,0.0,0.0,0.0
2024-11-25 00:00:00+09:00,57400.0,57900.0,56700.0,57900.0,36237325,0.0,0.0,0.0
2024-11-26 00:00:00+09:00,57900.0,58900.0,57500.0,58300.0,23209405,0.0,0.0,0.0
2024-11-27 00:00:00+09:00,57700.0,57800.0,56000.0,56300.0,21808387,0.0,0.0,0.0
2024-11-28 00:00:00+09:00,56000.0,56400.0,55200.0,55500.0,20001134,0.0,0.0,0.0
2024-11-29 00:00:00+09:00,55100.0,55300.0,53800.0,54200.0,24513531,0.0,0.0,0.0
2024-12-02 00:00:00+09:00,54300.0,54400.0,53100.0,53600.0,22044867,0.0,0.0,0.0
2024-12-03 00:00:00+09:00,53100.0,54400.0,53100.0,53600.0,23374603,0.0,0.0,0.0
